filename,snr,gaussian,spacings,nu_max,error nu_max,delta nu,error delta nu,mass guess,mass error,radius guess,radius error,spectrum_base,actual_nu_max,actual_delta_nu,actual_mass,actual_radius
spectrum_0_cams24_vmag7.32.pow,TRUE,TRUE,TRUE,3434.389344,8.313060464,143.984127,3.665721723,0.928261444,0.054289857,0.932676224,0.016637038,spectrum_0,3485.857771,144.5581783,1.041,0.968780447
spectrum_0_cams24_vmag8.68.pow,TRUE,TRUE,TRUE,3444.855118,9.120942161,140.2222222,7.218784848,1.041419487,0.060819808,0.986388234,0.017571184,spectrum_0,3485.857771,144.5581783,1.041,0.968780447
spectrum_0_cams24_vmag9.44.pow,MAYBE,TRUE,TRUE,3475.069073,9.444199913,150.4603175,40.432091,0.80645962,0.046841051,0.86423153,0.015280272,spectrum_0,3485.857771,144.5581783,1.041,0.968780447
spectrum_0_cams24_vmag10.10.pow,FALSE,TRUE,TRUE,3407.827854,15.1201834,149.2857143,70.83130496,0.784765932,0.046082904,0.860898122,0.015423566,spectrum_0,3485.857771,144.5581783,1.041,0.968780447
spectrum_0_cams24_vmag10.31.pow,FALSE,TRUE,TRUE,3441.028865,31.55654016,148.4126984,40.10604164,0.827105483,0.048308819,0.879542452,0.015657878,spectrum_0,3485.857771,144.5581783,1.041,0.968780447
spectrum_0_cams24_vmag10.35.pow,FALSE,TRUE,FALSE,3242.801333,22.99325879,,,,,,,spectrum_0,3485.857771,144.5581783,1.041,0.968780447
spectrum_1_cams24_vmag7.91.pow,TRUE,TRUE,TRUE,3126.079242,10.08347252,139.8730159,35.13419578,0.836043551,0.051653855,0.91827104,0.017483895,spectrum_1,3135.520635,134.462038,1.092,1.033026159
spectrum_1_cams24_vmag9.10.pow,TRUE,TRUE,TRUE,3125.925713,6.937167591,134.2857143,5.791475396,0.983968994,0.060817159,0.996225856,0.018986978,spectrum_1,3135.520635,134.462038,1.092,1.033026159
spectrum_1_cams24_vmag9.15.pow,TRUE,TRUE,TRUE,3067.206638,7.648042592,134.3333333,5.747286152,0.928236518,0.058036774,0.976819309,0.018868688,spectrum_1,3135.520635,134.462038,1.092,1.033026159
spectrum_1_cams24_vmag9.24.pow,TRUE,TRUE,TRUE,3152.905028,8.325658806,132.7142857,14.19291494,1.058343582,0.065084569,1.028760603,0.01949477,spectrum_1,3135.520635,134.462038,1.092,1.033026159
spectrum_1_cams24_vmag10.02.pow,FALSE,TRUE,TRUE,3090.217027,14.37872625,138.6349206,5.652820119,0.836837436,0.052069586,0.924022376,0.017741255,spectrum_1,3135.520635,134.462038,1.092,1.033026159
spectrum_2_cams24_vmag7.63.pow,TRUE,TRUE,TRUE,3811.454494,10.85410112,157.7777778,37.25646494,0.954372969,0.052764242,0.885644372,0.014741101,spectrum_2,3835.391162,156.5115136,0.985,0.902024046
spectrum_2_cams24_vmag7.92.pow,TRUE,TRUE,TRUE,3750.901123,9.684167415,157.5079365,54.01762797,0.915854183,0.05105122,0.87456286,0.014703646,spectrum_2,3835.391162,156.5115136,0.985,0.902024046
spectrum_2_cams24_vmag8.83.pow,TRUE,TRUE,TRUE,3750.106053,16.47139601,163.5238095,66.58423945,0.787836174,0.04390691,0.811225989,0.013629368,spectrum_2,3835.391162,156.5115136,0.985,0.902024046
spectrum_2_cams24_vmag9.47.pow,FALSE,TRUE,TRUE,3910.966159,19.90454103,160.7619048,41.98476216,0.956640701,0.052203769,0.87534261,0.014334164,spectrum_2,3835.391162,156.5115136,0.985,0.902024046
spectrum_2_cams24_vmag9.68.pow,FALSE,TRUE,TRUE,3774.878101,24.39152603,159.7777778,45.09163502,0.881601951,0.048975763,0.855323642,0.014318187,spectrum_2,3835.391162,156.5115136,0.985,0.902024046
spectrum_2_cams24_vmag10.04.pow,FALSE,TRUE,TRUE,3726.901033,24.96220914,160.5714286,60.69294055,0.831763291,0.046510517,0.836125783,0.014108358,spectrum_2,3835.391162,156.5115136,0.985,0.902024046
spectrum_3_cams24_vmag8.56.pow,TRUE,TRUE,TRUE,3249.652744,9.213933004,136.6984127,5.432699609,1.032027318,0.062324408,1.000242485,0.018546884,spectrum_3,3290.861942,138.4759075,1.062,1.003603711
spectrum_3_cams24_vmag8.62.pow,TRUE,TRUE,TRUE,3265.282497,9.469756538,145.4920635,62.15528583,0.815904414,0.049107831,0.887232494,0.016373117,spectrum_3,3290.861942,138.4759075,1.062,1.003603711
spectrum_3_cams24_vmag8.67.pow,TRUE,TRUE,TRUE,3236.896759,8.998454803,143.1428571,4.416023022,0.848285478,0.0513251,0.908625185,0.0168754,spectrum_3,3290.861942,138.4759075,1.062,1.003603711
spectrum_3_cams24_vmag9.70.pow,MAYBE,TRUE,TRUE,3265.805521,6.782657602,138.2063492,5.193469357,1.002520338,0.060361525,0.983398665,0.018167563,spectrum_3,3290.861942,138.4759075,1.062,1.003603711
spectrum_3_cams24_vmag9.93.pow,MAYBE,TRUE,TRUE,3335.661207,21.05389147,140.8571429,33.62280857,0.990066847,0.058878052,0.966984404,0.017599942,spectrum_3,3290.861942,138.4759075,1.062,1.003603711
spectrum_3_cams24_vmag10.18.pow,FALSE,TRUE,FALSE,3139.79776,19.57756907,,,,,,,spectrum_3,3290.861942,138.4759075,1.062,1.003603711
spectrum_4_cams24_vmag7.09.pow,TRUE,TRUE,TRUE,3484.937066,10.06190821,146.4920635,5.17845368,0.970085729,0.056269758,0.935645187,0.016522185,spectrum_4,3497.918313,146.8098876,1.02,0.952357675
spectrum_4_cams24_vmag7.28.pow,TRUE,TRUE,TRUE,3451.621895,8.693355623,152.0793651,53.78907832,0.811465698,0.047304744,0.859858671,0.01526779,spectrum_4,3497.918313,146.8098876,1.02,0.952357675
spectrum_4_cams24_vmag7.83.pow,TRUE,TRUE,TRUE,3436.247398,8.00817843,153.2063492,55.00983978,0.777370221,0.045427227,0.843481065,0.015019219,spectrum_4,3497.918313,146.8098876,1.02,0.952357675
spectrum_4_cams24_vmag9.26.pow,TRUE,TRUE,TRUE,3464.55962,14.94349701,146.9206349,39.22687499,0.942094818,0.054821954,0.924755425,0.016392222,spectrum_4,3497.918313,146.8098876,1.02,0.952357675
spectrum_4_cams24_vmag10.20.pow,FALSE,TRUE,TRUE,3446.049766,20.57662868,154.4444444,57.47421251,0.75920167,0.044292302,0.832379555,0.014790853,spectrum_4,3497.918313,146.8098876,1.02,0.952357675
spectrum_4_cams24_vmag10.32.pow,FALSE,TRUE,TRUE,3315.079467,48.83269308,151.1111111,41.09923647,0.73752699,0.043989588,0.836460788,0.01526426,spectrum_4,3497.918313,146.8098876,1.02,0.952357675
spectrum_5_cams24_vmag7.94.pow,TRUE,TRUE,TRUE,3489.569599,9.375686015,152.8571429,46.75261375,0.816713415,0.047321652,0.858782696,0.01513681,spectrum_5,3530.284153,147.826736,1.013,0.945811788
spectrum_5_cams24_vmag8.61.pow,TRUE,TRUE,TRUE,3479.911969,8.481774147,150.5714286,35.87450344,0.860263577,0.049927409,0.882604244,0.015590465,spectrum_5,3530.284153,147.826736,1.013,0.945811788
spectrum_5_cams24_vmag8.69.pow,TRUE,TRUE,TRUE,3508.760065,8.049947743,152.6984127,42.82640825,0.83371952,0.04816219,0.86530163,0.01519699,spectrum_5,3530.284153,147.826736,1.013,0.945811788
spectrum_5_cams24_vmag8.91.pow,TRUE,TRUE,TRUE,3526.338459,11.09563101,143.3968254,4.29721678,1.088205408,0.062726586,0.986115569,0.017287884,spectrum_5,3530.284153,147.826736,1.013,0.945811788
spectrum_5_cams24_vmag9.02.pow,TRUE,TRUE,TRUE,3473.420375,10.10639092,149.8888889,6.333640393,0.871146764,0.050613116,0.888999185,0.015724469,spectrum_5,3530.284153,147.826736,1.013,0.945811788
spectrum_5_cams24_vmag10.40.pow,FALSE,TRUE,TRUE,3406.134379,22.87036612,148.1111111,41.25693395,0.861651839,0.050615276,0.892831272,0.01600384,spectrum_5,3530.284153,147.826736,1.013,0.945811788
spectrum_6_cams24_vmag7.01.pow,TRUE,TRUE,TRUE,3304.706723,7.335388778,140.1587302,5.320407065,0.975130788,0.058303658,0.965290578,0.017683022,spectrum_6,3336.642392,140.0075365,1.052,0.993134045
spectrum_6_cams24_vmag7.65.pow,TRUE,TRUE,TRUE,3306.82205,8.466756141,140.1746032,5.232015712,0.976562057,0.058367651,0.965689714,0.017682566,spectrum_6,3336.642392,140.0075365,1.052,0.993134045
spectrum_6_cams24_vmag7.68.pow,TRUE,TRUE,TRUE,3309.554197,6.605922267,139.1746032,4.948205848,1.007426194,0.060187689,0.980426329,0.017945447,spectrum_6,3336.642392,140.0075365,1.052,0.993134045
spectrum_6_cams24_vmag9.28.pow,TRUE,TRUE,TRUE,3280.344005,15.58429012,143.7777778,68.04596404,0.86126305,0.051704574,0.910544777,0.016754732,spectrum_6,3336.642392,140.0075365,1.052,0.993134045
spectrum_6_cams24_vmag9.42.pow,TRUE,TRUE,TRUE,3262.51649,11.32106324,140.2222222,5.249608319,0.936559725,0.056415705,0.952104189,0.017595444,spectrum_6,3336.642392,140.0075365,1.052,0.993134045
spectrum_6_cams24_vmag10.14.pow,FALSE,TRUE,TRUE,3304.127509,7.902128053,140.1428571,5.380576847,0.975059774,0.058305362,0.96534003,0.017686091,spectrum_6,3336.642392,140.0075365,1.052,0.993134045
spectrum_7_cams24_vmag7.56.pow,TRUE,TRUE,TRUE,3685.721708,10.9124086,153.9365079,4.068376247,0.917285913,0.051608276,0.888500551,0.015112496,spectrum_7,3700.919709,153.0638785,0.998,0.919528661
spectrum_7_cams24_vmag7.68.pow,TRUE,TRUE,TRUE,3720.097238,14.83149187,151.4285714,16.8113527,1.007245181,0.056404276,0.926738196,0.015676559,spectrum_7,3700.919709,153.0638785,0.998,0.919528661
spectrum_7_cams24_vmag8.57.pow,TRUE,TRUE,TRUE,3712.199251,15.47800871,153.6984127,16.92665684,0.943017887,0.052859038,0.897658061,0.015199626,spectrum_7,3700.919709,153.0638785,0.998,0.919528661
spectrum_7_cams24_vmag8.58.pow,TRUE,TRUE,TRUE,3709.236524,15.09231303,152.6031746,4.437875195,0.968061466,0.054288703,0.909862597,0.015416687,spectrum_7,3700.919709,153.0638785,0.998,0.919528661
spectrum_7_cams24_vmag8.72.pow,TRUE,TRUE,TRUE,3695.996916,15.08982339,157.4920635,40.70107017,0.844235735,0.047420223,0.851202078,0.014444938,spectrum_7,3700.919709,153.0638785,0.998,0.919528661
spectrum_7_cams24_vmag9.93.pow,FALSE,TRUE,TRUE,3590.82774,41.74358026,155.1746032,4.70380738,0.821494697,0.046858861,0.851866826,0.014731476,spectrum_7,3700.919709,153.0638785,0.998,0.919528661
spectrum_8_cams24_vmag7.90.pow,TRUE,TRUE,TRUE,3540.340249,8.432097922,152.7619048,37.01173558,0.823459176,0.047337399,0.861498505,0.015041347,spectrum_8,3567.053829,147.280707,1.014,0.948459908
spectrum_8_cams24_vmag8.19.pow,TRUE,TRUE,TRUE,3531.59639,10.24245472,149.9365079,8.373384245,0.880746551,0.050706737,0.892063841,0.015606897,spectrum_8,3567.053829,147.280707,1.014,0.948459908
spectrum_8_cams24_vmag9.11.pow,TRUE,TRUE,TRUE,3618.203558,11.37307212,151.3174603,55.06718731,0.913040706,0.051880799,0.897334912,0.01545069,spectrum_8,3567.053829,147.280707,1.014,0.948459908
spectrum_8_cams24_vmag9.14.pow,TRUE,TRUE,FALSE,3537.771019,13.31247201,,,,,,,spectrum_8,3567.053829,147.280707,1.014,0.948459908
spectrum_8_cams24_vmag9.86.pow,FALSE,TRUE,TRUE,3641.261251,22.70854707,147.3968254,4.456283392,1.033642421,0.058549696,0.951733235,0.016331028,spectrum_8,3567.053829,147.280707,1.014,0.948459908
spectrum_8_cams24_vmag10.12.pow,FALSE,TRUE,TRUE,3509.856659,31.50976374,151.4761905,44.70288815,0.829961542,0.047940092,0.868640926,0.015255256,spectrum_8,3567.053829,147.280707,1.014,0.948459908
spectrum_9_cams24_vmag7.73.pow,TRUE,TRUE,TRUE,3740.023877,10.86323271,156.6666667,55.39442583,0.890410464,0.049709509,0.869486606,0.014646842,spectrum_9,3735.163897,154.9068545,0.978,0.906086015
spectrum_9_cams24_vmag7.74.pow,TRUE,TRUE,TRUE,3706.51654,12.5065027,154.2539683,3.743962975,0.922201851,0.051731834,0.88886331,0.015064037,spectrum_9,3735.163897,154.9068545,0.978,0.906086015
spectrum_9_cams24_vmag8.13.pow,TRUE,TRUE,TRUE,3721.641091,14.81342951,158.2857143,75.83914905,0.84199619,0.047122637,0.847603566,0.014319347,spectrum_9,3735.163897,154.9068545,0.978,0.906086015
spectrum_9_cams24_vmag8.33.pow,TRUE,TRUE,TRUE,3690.598415,9.804348211,155.0793651,16.17243607,0.891143941,0.05009968,0.875649876,0.014878848,spectrum_9,3735.163897,154.9068545,0.978,0.906086015
spectrum_9_cams24_vmag9.30.pow,TRUE,TRUE,TRUE,3620.381202,20.97040985,159.4285714,41.42923845,0.753133262,0.04276246,0.812762617,0.013972694,spectrum_9,3735.163897,154.9068545,0.978,0.906086015
spectrum_9_cams24_vmag9.97.pow,FALSE,TRUE,TRUE,3819.410663,34.02955295,154.3809524,4.99626971,1.005744691,0.055556174,0.914430394,0.015208414,spectrum_9,3735.163897,154.9068545,0.978,0.906086015
spectrum_10_cams24_vmag7.83.pow,TRUE,TRUE,TRUE,3282.558021,6.622562568,140.1428571,5.273096145,0.960545792,0.057655314,0.960526298,0.017676868,spectrum_10,3317.490311,139.9659602,1.046,0.991438643
spectrum_10_cams24_vmag7.95.pow,TRUE,TRUE,TRUE,3290.19876,8.733479282,141.3650794,4.833418839,0.934248797,0.055997065,0.946186256,0.01738166,spectrum_10,3317.490311,139.9659602,1.046,0.991438643
spectrum_10_cams24_vmag8.05.pow,TRUE,TRUE,TRUE,3269.473186,8.316356073,146.1269841,49.42849861,0.802927559,0.048288953,0.879945391,0.016222748,spectrum_10,3317.490311,139.9659602,1.046,0.991438643
spectrum_10_cams24_vmag8.67.pow,TRUE,TRUE,TRUE,3283.470069,7.948933811,140.1428571,5.292139667,0.961346667,0.057694096,0.960793177,0.017678415,spectrum_10,3317.490311,139.9659602,1.046,0.991438643
spectrum_10_cams24_vmag9.58.pow,MAYBE,TRUE,TRUE,3245.552601,18.68446356,140.1428571,5.454230308,0.928424936,0.05609645,0.949697951,0.017614349,spectrum_10,3317.490311,139.9659602,1.046,0.991438643
spectrum_10_cams24_vmag9.83.pow,FALSE,TRUE,FALSE,3260.540437,10.8735608,,,,,,,spectrum_10,3317.490311,139.9659602,1.046,0.991438643
spectrum_11_cams24_vmag7.81.pow,TRUE,TRUE,TRUE,3351.448082,7.152883596,144.2063492,9.340992342,0.936093979,0.055506877,0.934331038,0.016941793,spectrum_11,3379.167061,143.6581799,1.024,0.967497783
spectrum_11_cams24_vmag8.12.pow,TRUE,TRUE,TRUE,3351.016005,8.054969616,150.3968254,68.11575564,0.790923213,0.046885687,0.858887354,0.015560469,spectrum_11,3379.167061,143.6581799,1.024,0.967497783
spectrum_11_cams24_vmag8.15.pow,TRUE,TRUE,TRUE,3353.001733,9.283175447,144.047619,4.886027817,0.941535044,0.055815314,0.936825393,0.016982132,spectrum_11,3379.167061,143.6581799,1.024,0.967497783
spectrum_11_cams24_vmag8.53.pow,TRUE,TRUE,TRUE,3344.437342,9.70418474,144.015873,5.005758001,0.935162834,0.05551856,0.934844517,0.01697569,spectrum_11,3379.167061,143.6581799,1.024,0.967497783
spectrum_11_cams24_vmag8.76.pow,TRUE,TRUE,TRUE,3351.295552,9.363631926,147.8412698,35.58665282,0.847256572,0.050229774,0.888911257,0.016109551,spectrum_11,3379.167061,143.6581799,1.024,0.967497783
spectrum_11_cams24_vmag10.13.pow,FALSE,TRUE,TRUE,3399.226223,22.13932585,149.3968254,70.67684898,0.847879669,0.049859579,0.88294647,0.015845156,spectrum_11,3379.167061,143.6581799,1.024,0.967497783
spectrum_12_cams24_vmag7.12.pow,TRUE,TRUE,TRUE,3910.098801,9.70436451,164.6349206,40.06468922,0.808887532,0.0441372,0.814701698,0.013335795,spectrum_12,3929.250012,160.4319551,0.956,0.878474068
spectrum_12_cams24_vmag8.24.pow,TRUE,TRUE,TRUE,3891.420447,11.30209776,156.4761905,3.909233295,0.977111656,0.05346561,0.897566087,0.01475253,spectrum_12,3929.250012,160.4319551,0.956,0.878474068
spectrum_12_cams24_vmag8.30.pow,TRUE,TRUE,TRUE,3916.505818,11.99890118,163.9206349,59.82819505,0.827131574,0.045097777,0.823163923,0.013462162,spectrum_12,3929.250012,160.4319551,0.956,0.878474068
spectrum_12_cams24_vmag8.98.pow,TRUE,TRUE,TRUE,3874.232669,14.63685223,157.5238095,13.63976814,0.938825883,0.051480947,0.881755331,0.01452967,spectrum_12,3929.250012,160.4319551,0.956,0.878474068
spectrum_12_cams24_vmag9.78.pow,FALSE,TRUE,TRUE,3869.641346,19.04376987,163.9365079,71.45432416,0.797484419,0.043741917,0.813156546,0.013396846,spectrum_12,3929.250012,160.4319551,0.956,0.878474068
spectrum_12_cams24_vmag10.01.pow,FALSE,TRUE,TRUE,3971.446426,27.87384924,165.6031746,69.34805828,0.827912187,0.044829615,0.817835956,0.013259547,spectrum_12,3929.250012,160.4319551,0.956,0.878474068
spectrum_13_cams24_vmag7.64.pow,TRUE,TRUE,TRUE,3422.634989,8.06666887,151.7777778,38.41435687,0.808084358,0.047330519,0.859799762,0.015353582,spectrum_13,3461.861295,146.7736118,1.007,0.948450643
spectrum_13_cams24_vmag8.24.pow,TRUE,TRUE,TRUE,3469.821858,10.25324532,146.7619048,39.0503986,0.963109972,0.055998355,0.932252622,0.016508929,spectrum_13,3461.861295,146.7736118,1.007,0.948450643
spectrum_13_cams24_vmag8.32.pow,TRUE,TRUE,TRUE,3429.950784,9.742151319,147.3650794,5.344719305,0.91515159,0.053550809,0.914011875,0.016309183,spectrum_13,3461.861295,146.7736118,1.007,0.948450643
spectrum_13_cams24_vmag8.40.pow,TRUE,TRUE,TRUE,3433.544954,10.67574001,151.0952381,54.86194547,0.830678187,0.048569161,0.870350729,0.015510495,spectrum_13,3461.861295,146.7736118,1.007,0.948450643
spectrum_13_cams24_vmag8.44.pow,TRUE,TRUE,TRUE,3414.586702,11.23531202,152.031746,53.76129265,0.797048967,0.046745171,0.854914519,0.015289883,spectrum_13,3461.861295,146.7736118,1.007,0.948450643
spectrum_13_cams24_vmag9.00.pow,TRUE,TRUE,TRUE,3435.491761,12.99845892,148,4.361164425,0.903914962,0.052843706,0.907650383,0.016176636,spectrum_13,3461.861295,146.7736118,1.007,0.948450643
spectrum_14_cams24_vmag7.79.pow,TRUE,TRUE,TRUE,3550.351162,9.231591504,151.9047619,42.85012259,0.845722427,0.048545093,0.872460092,0.015206584,spectrum_14,3554.754914,148.8894184,1.005,0.938821509
spectrum_14_cams24_vmag7.95.pow,TRUE,TRUE,TRUE,3525.784645,11.17769257,148.4285714,4.640952895,0.90865032,0.052364759,0.907481548,0.015897543,spectrum_14,3554.754914,148.8894184,1.005,0.938821509
spectrum_14_cams24_vmag8.84.pow,TRUE,TRUE,TRUE,3528.918483,12.49629678,148.8253968,48.7329446,0.901397087,0.051920415,0.90345092,0.015816726,spectrum_14,3554.754914,148.8894184,1.005,0.938821509
spectrum_14_cams24_vmag9.43.pow,MAYBE,TRUE,TRUE,3478.111611,27.73704251,148.5873016,5.19594956,0.868566805,0.050429378,0.89329964,0.015789597,spectrum_14,3554.754914,148.8894184,1.005,0.938821509
spectrum_14_cams24_vmag10.06.pow,FALSE,TRUE,TRUE,3511.862559,23.23933039,150.1587302,13.78959534,0.857254263,0.049504738,0.883188435,0.015508005,spectrum_14,3554.754914,148.8894184,1.005,0.938821509
spectrum_14_cams24_vmag10.25.pow,FALSE,TRUE,TRUE,3546.663929,14.66005511,152.5238095,38.42081183,0.829485897,0.047638305,0.864493608,0.015076569,spectrum_14,3554.754914,148.8894184,1.005,0.938821509
spectrum_15_cams24_vmag7.46.pow,TRUE,TRUE,TRUE,3138.639194,10.63906591,142.3492063,34.82900885,0.816307626,0.050305389,0.900392353,0.017088406,spectrum_15,3157.255025,135.5615738,1.057,1.016336432
spectrum_15_cams24_vmag8.37.pow,TRUE,TRUE,TRUE,3110.692612,7.980087118,141.6507937,54.61467441,0.810485254,0.050218976,0.901196669,0.017213918,spectrum_15,3157.255025,135.5615738,1.057,1.016336432
spectrum_15_cams24_vmag9.18.pow,TRUE,TRUE,TRUE,3174.53465,10.94566961,140.1904762,45.48013947,0.897875341,0.054963802,0.938952353,0.017684611,spectrum_15,3157.255025,135.5615738,1.057,1.016336432
spectrum_15_cams24_vmag9.41.pow,TRUE,TRUE,TRUE,3140.26426,8.942087834,141.4920635,34.53897227,0.837568125,0.051602125,0.911806199,0.017301025,spectrum_15,3157.255025,135.5615738,1.057,1.016336432
spectrum_15_cams24_vmag10.29.pow,FALSE,TRUE,TRUE,3240.109879,26.95677075,140.984127,36.44545615,0.933357905,0.056446959,0.947588549,0.017593119,spectrum_15,3157.255025,135.5615738,1.057,1.016336432
spectrum_16_cams24_vmag7.24.pow,TRUE,TRUE,TRUE,3857.925366,22.81671657,167.4285714,47.40092033,0.776297859,0.042637523,0.794645867,0.013110421,spectrum_16,3929.250012,164.7283525,0.928,0.854621842
spectrum_16_cams24_vmag7.79.pow,TRUE,TRUE,TRUE,3887.239965,21.68890572,168,47.42394629,0.783379382,0.042863065,0.795246448,0.013058423,spectrum_16,3929.250012,164.7283525,0.928,0.854621842
spectrum_16_cams24_vmag8.31.pow,TRUE,TRUE,FALSE,4013.919015,25.96789935,,,,,,,spectrum_16,3929.250012,164.7283525,0.928,0.854621842
spectrum_16_cams24_vmag8.65.pow,TRUE,TRUE,TRUE,3903.703712,13.88754091,163.0793651,2.311349485,0.893551741,0.048800128,0.847535258,0.013890033,spectrum_16,3929.250012,164.7283525,0.928,0.854621842
spectrum_16_cams24_vmag8.66.pow,TRUE,TRUE,TRUE,3859.309115,20.91035417,167.4285714,47.42760801,0.77713348,0.04267575,0.794930888,0.013112221,spectrum_16,3929.250012,164.7283525,0.928,0.854621842
spectrum_16_cams24_vmag9.67.pow,FALSE,TRUE,TRUE,3850.537377,34.19483752,169.968254,57.95912548,0.726738199,0.039949421,0.769599307,0.012708286,spectrum_16,3929.250012,164.7283525,0.928,0.854621842
spectrum_17_cams24_vmag7.11.pow,TRUE,TRUE,FALSE,3935.470252,30.91843656,,,,,,,spectrum_17,4006.910696,165.8077873,0.923,0.849377692
spectrum_17_cams24_vmag7.33.pow,TRUE,TRUE,TRUE,4007.531836,12.12147907,166.1111111,3.547739385,0.832223949,0.044865022,0.817582326,0.013182691,spectrum_17,4006.910696,165.8077873,0.923,0.849377692
spectrum_17_cams24_vmag9.37.pow,MAYBE,TRUE,TRUE,3991.908855,16.91139297,166.1269841,3.685414974,0.822214488,0.044409089,0.81423944,0.013159551,spectrum_17,4006.910696,165.8077873,0.923,0.849377692
spectrum_17_cams24_vmag9.61.pow,FALSE,TRUE,TRUE,3991.388941,36.73074931,169.6825397,52.29666245,0.755140086,0.040782144,0.780371892,0.012607373,spectrum_17,4006.910696,165.8077873,0.923,0.849377692
spectrum_17_cams24_vmag9.66.pow,FALSE,TRUE,TRUE,3980.573514,23.16611613,169.4285714,49.87372364,0.753519247,0.040748652,0.780592242,0.012631947,spectrum_17,4006.910696,165.8077873,0.923,0.849377692
spectrum_17_cams24_vmag10.05.pow,FALSE,TRUE,TRUE,3972.118441,49.18122954,169.015873,82.71136022,0.756067546,0.040929502,0.782742804,0.012683658,spectrum_17,4006.910696,165.8077873,0.923,0.849377692
spectrum_18_cams24_vmag7.37.pow,TRUE,TRUE,TRUE,3444.13721,10.5832818,148.3492063,51.65462408,0.931419997,0.054374381,0.915325542,0.016285242,spectrum_18,3473.838813,148.5240659,1.001,0.93911124
spectrum_18_cams24_vmag7.99.pow,TRUE,TRUE,TRUE,3428.430308,8.389935553,144,3.938969885,1.034858903,0.060582895,0.96702106,0.017269589,spectrum_18,3473.838813,148.5240659,1.001,0.93911124
spectrum_18_cams24_vmag8.30.pow,TRUE,TRUE,TRUE,3435.723299,7.878271817,147.0952381,10.65982632,0.956544586,0.05592133,0.928723733,0.016553815,spectrum_18,3473.838813,148.5240659,1.001,0.93911124
spectrum_18_cams24_vmag8.56.pow,TRUE,TRUE,FALSE,3468.230398,9.121886757,,,,,,,spectrum_18,3473.838813,148.5240659,1.001,0.93911124
spectrum_18_cams24_vmag9.52.pow,MAYBE,TRUE,TRUE,3434.359161,9.594013565,148.5714286,4.54629978,0.91799659,0.053675043,0.909998557,0.016220616,spectrum_18,3473.838813,148.5240659,1.001,0.93911124
spectrum_18_cams24_vmag9.81.pow,MAYBE,TRUE,TRUE,3422.929477,10.06011685,152.3174603,59.49134192,0.822697593,0.048182733,0.862907339,0.015406995,spectrum_18,3473.838813,148.5240659,1.001,0.93911124
spectrum_19_cams24_vmag7.36.pow,TRUE,TRUE,TRUE,3714.614448,10.20214525,161.5873016,56.97069285,0.737223037,0.041292666,0.799795017,0.013521742,spectrum_19,3739.46664,154.6791255,0.977,0.9066659
spectrum_19_cams24_vmag8.12.pow,TRUE,TRUE,TRUE,3709.388138,13.39238289,154.5714286,3.940485255,0.876751535,0.049161578,0.872817097,0.014784138,spectrum_19,3739.46664,154.6791255,0.977,0.9066659
spectrum_19_cams24_vmag8.76.pow,TRUE,TRUE,TRUE,3644.939661,15.59609957,158.2857143,44.00206169,0.756468293,0.04280041,0.817873826,0.014001687,spectrum_19,3739.46664,154.6791255,0.977,0.9066659
spectrum_19_cams24_vmag8.88.pow,TRUE,TRUE,TRUE,3730.203841,11.86014965,152.8253968,7.746024112,0.933044049,0.052171534,0.897885396,0.015159157,spectrum_19,3739.46664,154.6791255,0.977,0.9066659
spectrum_19_cams24_vmag9.03.pow,MAYBE,TRUE,TRUE,3765.082489,12.65207443,150.8571429,3.698633391,1.01052382,0.056240271,0.930083943,0.015616222,spectrum_19,3739.46664,154.6791255,0.977,0.9066659
spectrum_19_cams24_vmag9.12.pow,TRUE,TRUE,TRUE,3722.645459,11.92129154,159.7619048,54.37422569,0.77651293,0.043448501,0.819944816,0.013846875,spectrum_19,3739.46664,154.6791255,0.977,0.9066659
spectrum_20_cams24_vmag7.19.pow,TRUE,TRUE,TRUE,3050.195899,7.972316651,126.1587302,5.902208258,1.196584067,0.07511563,1.108545218,0.021532157,spectrum_20,3053.582536,131.1766853,1.072,1.043752173
spectrum_20_cams24_vmag7.64.pow,TRUE,TRUE,TRUE,3019.114029,6.445810179,130.3809524,5.262726014,1.017211369,0.064239105,1.027333656,0.020084428,spectrum_20,3053.582536,131.1766853,1.072,1.043752173
spectrum_20_cams24_vmag8.25.pow,TRUE,TRUE,TRUE,2996.305018,9.815710197,126.1904762,5.172624648,1.133133296,0.071920168,1.088411599,0.021412453,spectrum_20,3053.582536,131.1766853,1.072,1.043752173
spectrum_20_cams24_vmag8.52.pow,TRUE,TRUE,TRUE,3071.827711,10.60354918,133.8571429,13.11527027,0.964392027,0.060243823,0.991685698,0.019136955,spectrum_20,3053.582536,131.1766853,1.072,1.043752173
spectrum_20_cams24_vmag9.84.pow,TRUE,TRUE,TRUE,3063.354424,12.98384538,126.0634921,6.135810927,1.215804258,0.076121743,1.115010297,0.021591954,spectrum_20,3053.582536,131.1766853,1.072,1.043752173
spectrum_20_cams24_vmag10.31.pow,MAYBE,TRUE,TRUE,2934.403279,32.3502488,126.2857143,6.176269784,1.061137716,0.068237457,1.064318589,0.021256788,spectrum_20,3053.582536,131.1766853,1.072,1.043752173
spectrum_21_cams24_vmag7.61.pow,TRUE,TRUE,TRUE,3563.463143,10.74089942,154.2539683,43.13118809,0.796473446,0.045621278,0.846480096,0.014713244,spectrum_21,3608.358366,149.1923485,0.99,0.932862418
spectrum_21_cams24_vmag7.83.pow,TRUE,TRUE,TRUE,3565.198521,12.87946933,159.3809524,52.40786775,0.699850619,0.040065867,0.793282826,0.013774493,spectrum_21,3608.358366,149.1923485,0.99,0.932862418
spectrum_21_cams24_vmag9.50.pow,MAYBE,TRUE,TRUE,3582.432931,21.61490475,151.4285714,39.92877443,0.87137034,0.049776471,0.883038396,0.015302229,spectrum_21,3608.358366,149.1923485,0.99,0.932862418
spectrum_21_cams24_vmag9.56.pow,FALSE,TRUE,TRUE,3489.588626,25.98955493,154.2539683,40.23683518,0.747957956,0.043334535,0.828931631,0.014607712,spectrum_21,3608.358366,149.1923485,0.99,0.932862418
spectrum_21_cams24_vmag9.97.pow,FALSE,TRUE,TRUE,3774.007737,24.17862943,153.3174603,41.70553759,0.969486488,0.053883199,0.90747929,0.015208093,spectrum_21,3608.358366,149.1923485,0.99,0.932862418
spectrum_21_cams24_vmag10.46.pow,FALSE,FALSE,TRUE,,,152.4603175,534.7499464,,,,,spectrum_21,3608.358366,149.1923485,0.99,0.932862418
spectrum_22_cams24_vmag7.49.pow,TRUE,TRUE,TRUE,3593.112682,12.59563366,159.3650794,45.08854651,0.793068019,0.045212356,0.827101072,0.014289037,spectrum_22,3675.442757,156.7475268,0.959,0.893118949
spectrum_22_cams24_vmag7.65.pow,TRUE,TRUE,TRUE,3655.611687,12.67216853,156.5555556,9.827947973,0.896761213,0.050664276,0.871961205,0.014903276,spectrum_22,3675.442757,156.7475268,0.959,0.893118949
spectrum_22_cams24_vmag7.83.pow,TRUE,TRUE,TRUE,3663.836838,16.84094227,157.6031746,4.470243047,0.879061195,0.049602804,0.862343463,0.014715526,spectrum_22,3675.442757,156.7475268,0.959,0.893118949
spectrum_22_cams24_vmag9.83.pow,MAYBE,TRUE,TRUE,3626.131682,18.70576765,157.6190476,2.337101867,0.851856609,0.048331451,0.853297055,0.014658136,spectrum_22,3675.442757,156.7475268,0.959,0.893118949
spectrum_22_cams24_vmag9.94.pow,FALSE,TRUE,TRUE,3531.380677,29.84566885,161.9047619,67.31499438,0.706749807,0.040665785,0.787588498,0.013756783,spectrum_22,3675.442757,156.7475268,0.959,0.893118949
spectrum_22_cams24_vmag10.01.pow,FALSE,TRUE,FALSE,3645.002059,34.37735615,,,,,,,spectrum_22,3675.442757,156.7475268,0.959,0.893118949
spectrum_23_cams24_vmag7.21.pow,TRUE,TRUE,TRUE,3438.799519,6.437581327,146.6507937,4.98293425,0.945182917,0.055230996,0.926900016,0.016512631,spectrum_23,3465.849205,147.8674943,0.998,0.940947236
spectrum_23_cams24_vmag7.31.pow,TRUE,TRUE,TRUE,3457.039431,8.72829167,149.6349206,3.368363758,0.885960034,0.051609392,0.895021124,0.015881314,spectrum_23,3465.849205,147.8674943,0.998,0.940947236
spectrum_23_cams24_vmag7.86.pow,TRUE,TRUE,TRUE,3448.646083,7.980470025,146.984127,5.906120638,0.944706917,0.055114317,0.925342737,0.016452672,spectrum_23,3465.849205,147.8674943,0.998,0.940947236
spectrum_23_cams24_vmag8.28.pow,TRUE,TRUE,TRUE,3457.168508,8.820994413,152.9206349,42.82284984,0.812325781,0.047310558,0.857004754,0.015199034,spectrum_23,3465.849205,147.8674943,0.998,0.940947236
spectrum_23_cams24_vmag8.67.pow,TRUE,TRUE,TRUE,3437.926007,10.010653,148.7301587,3.736072613,0.892742834,0.052167778,0.900934691,0.016047554,spectrum_23,3465.849205,147.8674943,0.998,0.940947236
spectrum_23_cams24_vmag8.77.pow,TRUE,TRUE,TRUE,3377.777493,8.869459392,148.1428571,4.685586998,0.86020747,0.050769194,0.89220463,0.016082693,spectrum_23,3465.849205,147.8674943,0.998,0.940947236
spectrum_24_cams24_vmag7.22.pow,TRUE,TRUE,TRUE,2989.508292,7.590251203,127.047619,9.843607619,1.159481392,0.073691689,1.091844492,0.021511382,spectrum_24,3022.105792,132.3646553,1.063,1.034586083
spectrum_24_cams24_vmag7.30.pow,TRUE,TRUE,TRUE,2985.428486,7.317383131,132.2539683,5.584296631,0.983367358,0.062528219,1.006197735,0.01982398,spectrum_24,3022.105792,132.3646553,1.063,1.034586083
spectrum_24_cams24_vmag7.79.pow,TRUE,TRUE,TRUE,2969.9717,6.042042239,133.5873016,5.26804027,0.930093999,0.059327856,0.981106251,0.01939787,spectrum_24,3022.105792,132.3646553,1.063,1.034586083
spectrum_24_cams24_vmag8.61.pow,TRUE,TRUE,TRUE,3034.328193,10.34249116,138,38.47454829,0.87096746,0.054804983,0.939287334,0.018272702,spectrum_24,3022.105792,132.3646553,1.063,1.034586083
spectrum_24_cams24_vmag9.58.pow,TRUE,TRUE,TRUE,2991.338761,9.200196967,131.2063492,6.505744372,1.02119342,0.064858062,1.024353798,0.0201567,spectrum_24,3022.105792,132.3646553,1.063,1.034586083
spectrum_24_cams24_vmag10.10.pow,MAYBE,TRUE,TRUE,2991.060865,10.80630831,137.7777778,37.68502678,0.839633324,0.053307015,0.928882937,0.018258862,spectrum_24,3022.105792,132.3646553,1.063,1.034586083
